<?xml version="1.0" encoding="UTF-8"?>
<beans xmlns="http://www.springframework.org/schema/beans"
	xmlns:xsi="http://www.w3.org/2001/XMLSchema-instance" xmlns:dwr="http://www.directwebremoting.org/schema/spring-dwr"
	xsi:schemaLocation="http://www.springframework.org/schema/beans 
	http://www.springframework.org/schema/beans/spring-beans-2.0.xsd 
	http://www.directwebremoting.org/schema/spring-dwr 
	http://www.directwebremoting.org/schema/spring-dwr-2.0.xsd">
	<!-- global dwr configuration -->
	<dwr:configuration>
		<dwr:convert class="com.liuru.framework.util.ListRange"
			type="bean">
		</dwr:convert>		
		<dwr:convert class="java.util.Map" type="map">
		</dwr:convert>
		<dwr:convert class="java.lang.Exception" type="exception">
		</dwr:convert>
		<dwr:convert class="java.lang.StackTraceElement" type="bean">
		</dwr:convert>
		<dwr:convert class="java.util.Collection" type="collection">
		</dwr:convert>
		
		<dwr:signatures>
		  <![CDATA[
		  import java.util.List;
		  import java.util.HashMap;
		  import com.liuru.framework.util.ListRange
		 ]]>
		</dwr:signatures>
	</dwr:configuration>
	
	<!-- jndi data source target -->
	<bean id="dsMysql" class="org.apache.commons.dbcp.BasicDataSource">
		<property name="driverClassName">
			<value>com.microsoft.sqlserver.jdbc.SQLServerDriver</value>
		</property>
		<property name="url">
			<value>jdbc:sqlserver://localhost:1433; DatabaseName=hjk</value>
		</property>
		<property name="username">
			<value>hjk_admin</value>
		</property>
		<property name="password">
			<value>123</value>
		</property>
		<property name="maxActive">
			<value>40</value>
		</property>
		<property name="maxIdle">
			<value>10</value>
		</property>
		<property name="maxWait">
			<value>3000</value>
		</property>
	</bean>	


	<!-- jndi data source target 
	<bean id="dsSqlserver" class="org.apache.commons.dbcp.BasicDataSource">
		<property name="driverClassName">
			<value>com.mysql.jdbc.Driver</value>
		</property>
		<property name="url">
			<value>jdbc:mysql://localhost:3306/hjk</value>
		</property>
		<property name="username">
			<value>root</value>
		</property>
		<property name="password">
			<value>Haison_123</value>
		</property>
		<property name="maxActive">
			<value>40</value>
		</property>
		<property name="maxIdle">
			<value>10</value>
		</property>
		<property name="maxWait">
			<value>3000</value>
		</property>
	</bean>	-->

	<!-- data source -->
	<bean id="dataSource"
		class="org.springframework.jdbc.datasource.TransactionAwareDataSourceProxy">
		<property name="targetDataSource">
			<ref bean="dsMysql" />
		</property>
	</bean>
		
	<!-- ibatis factory -->
	<bean id="sqlMap" class="org.springframework.orm.ibatis.SqlMapClientFactoryBean">
		<property name="configLocation" value="classpath:sqlmap/sqlmap-config.xml" />
		<property name="dataSource" ref="dataSource" />
	</bean>

	<!-- System DAO-->
	<bean id="abstractDAO" class="com.liuru.framework.dao.AbstractDAO"
		abstract="true">
		<property name="sqlMapClient">
			<ref bean="sqlMap" />
		</property>
	</bean>
	</beans>